-- MySQL dump 10.13  Distrib 8.0.41, for Win64 (x86_64)
--
-- Host: 127.0.0.1    Database: db_electronic_mall
-- ------------------------------------------------------
-- Server version	8.0.41

/*!40101 SET @OLD_CHARACTER_SET_CLIENT=@@CHARACTER_SET_CLIENT */;
/*!40101 SET @OLD_CHARACTER_SET_RESULTS=@@CHARACTER_SET_RESULTS */;
/*!40101 SET @OLD_COLLATION_CONNECTION=@@COLLATION_CONNECTION */;
/*!50503 SET NAMES utf8mb4 */;
/*!40103 SET @OLD_TIME_ZONE=@@TIME_ZONE */;
/*!40103 SET TIME_ZONE='+00:00' */;
/*!40014 SET @OLD_UNIQUE_CHECKS=@@UNIQUE_CHECKS, UNIQUE_CHECKS=0 */;
/*!40014 SET @OLD_FOREIGN_KEY_CHECKS=@@FOREIGN_KEY_CHECKS, FOREIGN_KEY_CHECKS=0 */;
/*!40101 SET @OLD_SQL_MODE=@@SQL_MODE, SQL_MODE='NO_AUTO_VALUE_ON_ZERO' */;
/*!40111 SET @OLD_SQL_NOTES=@@SQL_NOTES, SQL_NOTES=0 */;

--
-- Dumping data for table `address`
--

LOCK TABLES `address` WRITE;
/*!40000 ALTER TABLE `address` DISABLE KEYS */;
INSERT INTO `address` (`id`, `link_user`, `link_address`, `link_phone`, `user_id`) VALUES (1,'张三','广东省广州市天河区xxx地址','13333333333',1),(2,'张三','北京市','15888888888',2),(3,'张三','上海市','15555555555',2),(4,'张三','新疆','15888888888',2),(6,'张三','测试地址3333','15000000001',7);
/*!40000 ALTER TABLE `address` ENABLE KEYS */;
UNLOCK TABLES;

--
-- Dumping data for table `allocations`
--

LOCK TABLES `allocations` WRITE;
/*!40000 ALTER TABLE `allocations` DISABLE KEYS */;
/*!40000 ALTER TABLE `allocations` ENABLE KEYS */;
UNLOCK TABLES;

--
-- Dumping data for table `assets`
--

LOCK TABLES `assets` WRITE;
/*!40000 ALTER TABLE `assets` DISABLE KEYS */;
/*!40000 ALTER TABLE `assets` ENABLE KEYS */;
UNLOCK TABLES;

--
-- Dumping data for table `avatar`
--

LOCK TABLES `avatar` WRITE;
/*!40000 ALTER TABLE `avatar` DISABLE KEYS */;
INSERT INTO `avatar` (`id`, `type`, `size`, `url`, `md5`) VALUES (3,'jpg',146,'/avatar/e8663626d17b41bd89707299fcd5ac81.jpg','5c072037e4e9662831fe448e28795770'),(4,'jpg',175,'/avatar/09cd5add81ff4abfbd1ccf91b2e9c820.jpg','507704f05fbca53793bce9970b40e6c8'),(5,'jpg',39,'/avatar/cddc26eda87b4dcb93e311d83205236c.jpg','98ef68f4e3f9113cbc8416c518b050bd'),(6,'png',281,'/avatar/5f668e2ae9d2477996e19db54200950c.png','1e770019319a360a5bbad364ca5d9b2a'),(7,'png',809,'/avatar/8b4ae75d93084794b6be6c4d703186a5.png','731c53e6f376c2bdc093e42f78fb8155'),(8,'png',292,'/avatar/574618d24d3f4523b99ce2c2c2f02857.png','d125ec4838f952b52f3bd4bafd4b173d');
/*!40000 ALTER TABLE `avatar` ENABLE KEYS */;
UNLOCK TABLES;

--
-- Dumping data for table `carousel`
--

LOCK TABLES `carousel` WRITE;
/*!40000 ALTER TABLE `carousel` DISABLE KEYS */;
INSERT INTO `carousel` (`id`, `good_id`, `show_order`) VALUES (4,11,2),(5,5,3),(6,17,4),(7,9,4);
/*!40000 ALTER TABLE `carousel` ENABLE KEYS */;
UNLOCK TABLES;

--
-- Dumping data for table `cart`
--

LOCK TABLES `cart` WRITE;
/*!40000 ALTER TABLE `cart` DISABLE KEYS */;
INSERT INTO `cart` (`id`, `count`, `create_time`, `good_id`, `standard`, `user_id`) VALUES (2,1,'2023-07-15 13:48:00',2,'M 中码',2),(3,1,'2023-07-15 13:48:04',5,'白色',2),(4,1,'2023-07-15 13:48:08',7,'43码',2),(5,1,'2024-07-16 11:49:25',4,'三瓶送礼套装',2),(7,1,'2025-11-18 11:53:48',20,'专用粮',1),(10,1,'2025-11-19 09:57:01',22,'双拍',1),(28,1,'2026-04-22 15:44:00',14,'畅享手机',7),(31,1,'2026-04-24 11:36:17',15,'高配版',7),(34,1,'2026-04-24 17:42:15',18,NULL,NULL),(35,1,'2026-04-24 17:44:17',15,'高配版',7),(36,1,'2026-04-24 17:44:20',15,'高配版',7),(37,1,'2026-04-24 17:44:23',15,'高配版',7),(38,1,'2026-04-24 17:44:38',15,'高配版',7),(40,1,'2026-04-24 17:47:50',18,NULL,NULL),(41,1,'2026-04-24 17:48:25',18,NULL,NULL),(43,1,'2026-04-24 18:29:50',18,NULL,NULL),(44,1,'2026-04-26 14:18:39',18,'500g【1袋】',7),(52,1,'2026-05-19 09:43:06',18,NULL,NULL),(53,1,'2026-05-19 09:43:19',18,NULL,NULL),(54,1,'2026-05-19 09:45:39',18,NULL,NULL),(56,1,'2026-05-19 16:45:30',18,NULL,NULL),(57,1,'2026-05-20 12:23:41',18,NULL,NULL);
/*!40000 ALTER TABLE `cart` ENABLE KEYS */;
UNLOCK TABLES;

--
-- Dumping data for table `category`
--

LOCK TABLES `category` WRITE;
/*!40000 ALTER TABLE `category` DISABLE KEYS */;
INSERT INTO `category` (`id`, `name`) VALUES (1,'女装'),(2,'男装'),(10,'男鞋'),(11,'女鞋'),(12,'童鞋'),(13,'办公'),(14,'书籍'),(15,'笔记本'),(16,'手机'),(17,'电子数码'),(18,'烹饪用具'),(19,'酒类'),(20,'茶叶'),(21,'咖啡'),(22,'宠物用品'),(23,'宠物饲料'),(25,'运动/户外用品'),(26,'童装服饰'),(27,'学习用品'),(28,'食品'),(29,'生鲜');
/*!40000 ALTER TABLE `category` ENABLE KEYS */;
UNLOCK TABLES;

--
-- Dumping data for table `good`
--

LOCK TABLES `good` WRITE;
/*!40000 ALTER TABLE `good` DISABLE KEYS */;
INSERT INTO `good` (`id`, `name`, `description`, `discount`, `sales`, `sale_money`, `category_id`, `imgs`, `create_time`, `recommend`, `is_delete`) VALUES (2,'韩版小个子短款棉袄外套','韩版小个子短款棉袄外套',0.95,35,13700.50,2,'/file/4cbe0a57239e4bf88547c28cb5761e6f.png','2023-03-27 13:32:44',0,0),(3,'书桌儿童学习桌子家用可升降儿童桌椅写字桌小','书桌儿童学习桌子家用可升降儿童桌椅写字桌小学生学校课桌椅套装',0.98,2,176.40,13,'/file/8c3893ea16c146d3a2411be98e565bf9.png,/file/a3d7cea23c954861899327c81134826c.png','2023-03-31 20:44:00',1,0),(4,'圣罗拉蔓越莓利口酒果味700ml瓶装15.5度酒吧微醺甜酒全新升级','圣罗拉蔓越莓利口酒果味700ml瓶装15.5度酒吧微醺甜酒全新升级。这款洋酒是一款精心酿造的上乘佳酿，给您带来无与伦比的品尝享受。精选优质的原料，经过精心的发酵和蒸馏工艺，使得这款洋酒口感柔和，回味悠长。',0.80,1,4880.00,19,'/file/f10396a3c7be4c819028f3488bc7f0f0.png,/file/9b60dca84cd64f439bcc97c01bbd4dde.png','2023-03-31 20:46:37',1,0),(5,'新款时尚羽绒棉棉服韩版小个子短款棉袄外套','棉衣女2025冬装新款时尚羽绒棉棉服韩版小个子短款棉袄外套',0.80,2,232.00,1,'/file/d57d259033f84d7e90b38b58f479f704.png,/file/4cbe0a57239e4bf88547c28cb5761e6f.png','2023-03-31 20:47:59',1,0),(6,'高等数学 图书','高等数学 图书高等数学 图书高等数学 图书高等数学 图书高等数学 图书高等数学 图书测试',1.00,1,99.00,14,'/file/7920393fbe5a42c984c810b19ab488ff.jpg','2023-03-31 20:48:51',1,0),(7,'男鞋秋冬季新款真皮透气运动休闲鞋','男鞋秋冬季新款真皮透气运动休闲鞋百搭软底防滑小白鞋男',0.96,1,110.40,11,'/file/5e36c6057feb48d294698ca5a4b89429.png','2023-03-31 20:49:36',1,0),(8,'123','123',1.00,43,5289.00,1,'/file/09bb6edab07a4c68a44cce41a3300d97.jpg','2023-06-12 00:55:57',0,1),(9,'自行车山地车成人单','自行车山地车成人单车可变速男女款学生减震双碟刹通勤运动代步车',1.00,2,100.00,25,'/file/b4213efc7ecb429888f75c49fba0b7b9.png','2023-08-10 20:28:58',1,0),(10,'耳机头戴式重低音电脑手机耳麦安卓苹果适用','索尼耳机耳机头戴式重低音电脑手机耳麦安卓苹果适用',1.00,0,0.00,13,'/file/9657d3bd66b24726bb67bddd6e251b6b.png','2023-08-10 20:29:47',1,0),(11,'男鞋高帮工装鞋男款2025秋季马丁靴男士低帮户外厚底登山鞋子','回力男鞋高帮工装鞋男款2025秋季马丁靴男士低帮户外厚底登山鞋子\n',1.00,2,198.00,10,'/file/8bcd3e5fe4de487f981effa75057cb39.png','2024-07-16 11:59:48',1,0),(12,'爆款真皮马丁靴女英伦风内增高厚底短靴子','爆款真皮马丁靴女英伦风2025新款春秋单靴小个子内增高厚底短靴子',1.00,0,0.00,11,'/file/a0e8302400c849d0af9334d61d596eb0.png','2024-07-16 12:04:51',1,0),(13,'薄便携商务办公学习X390笔记本电脑','ThinkPad X270/联想X13X280轻薄便携商务办公学习X390笔记本电脑',0.80,11,49280.00,15,'/file/46bd69d5f81b4b44bdbf50bbe6601be0.png','2024-07-16 12:06:38',1,0),(14,'智能手机16G+512G全网通5G快手抖音游戏大屏特价','i15promax智能手机16G+512G全网通5G快手抖音游戏大屏特价\n',1.00,4,8000.00,16,'/file/f546f536a6df45b8a087f2bab4806517.png','2024-07-16 12:09:57',1,0),(15,'12英寸平板电脑pad pro手机二合一游戏学生用安卓学习机','2025新款12英寸平板电脑pad pro手机二合一游戏学生用安卓学习机',0.80,48,230400.00,17,'/file/b71633bb52aa48b39ad774e52ffe2c09.png','2024-07-16 12:13:49',1,0),(16,'香菇','高品质香菇',0.80,0,0.00,18,'/file/32ee6a8e1efb49c381900521f26e5d99.jpg','2024-07-16 12:18:22',0,0),(17,'正宗龙井茶浓香2025新茶','正宗龙井茶浓香2025新茶豆香龙井茶叶高山正宗浓香型绿茶明前新茶\n',0.80,0,0.00,20,'/file/ad67107c09f047bd911414a8a8d40ade.png','2024-07-16 12:24:53',1,0),(18,'云南咖啡豆','云南咖啡豆商用小粒阿拉比卡豆现磨粉手冲意式新鲜深度烘焙',0.80,12,172.80,21,'/file/19a1e8ea4faf496492959933a9c13e25.png,/file/0b29530aa67f4b1296994aa08f447330.png','2024-07-16 12:27:41',1,0),(19,'猫爬架猫窝一体剑麻小型矮脚通用猫架子','猫爬架猫窝一体剑麻小型矮脚通用猫架子不占地四季凉席猫抓柱玩具',0.80,0,0.00,22,'/file/c6301c3c8c2b4c7c9d40e1d3062a2dde.png,/file/ecf65e3b248a424a94bf947080fa7550.png','2024-07-16 12:32:41',0,0),(20,'仓鼠粮食主粮营养金丝熊粮食五谷','仓鼠粮食主粮营养金丝熊粮食小仓鼠食物饲料杂粮仓鼠专用鼠粮五谷',0.80,1,15.20,23,'/file/275c9dd80e41443081b62c0f8bc8a024.png,/file/51c352a567a44726ad0c88d7fc3e29a3.png,/file/c6492b70ceb34841a79ceb69d45d3ac2.png,/file/7bea6e96c24448579246f95783252cf4.png,/file/a44e262a4cc943009ea30efdcb1917c0.png','2024-07-16 12:51:47',1,0),(21,'测试商品1','测试3',1.00,0,0.00,24,'/file/6db4ef975a7f4a2a9a0f7e487f1a1dc6.png','2025-11-18 10:50:18',0,1),(22,'羽毛球拍球拍成人儿童双拍','羽毛球拍球拍成人儿童双拍套装高颜值手柄双人情侣训练拍学生\n',0.95,4,756.20,25,'/file/25aaadd1bf384c329534515f4366d40b.png,/file/7bf7b837d0f94718bfca4d4bfe1dac74.png','2025-11-18 13:19:28',1,0);
/*!40000 ALTER TABLE `good` ENABLE KEYS */;
UNLOCK TABLES;

--
-- Dumping data for table `good_standard`
--

LOCK TABLES `good_standard` WRITE;
/*!40000 ALTER TABLE `good_standard` DISABLE KEYS */;
INSERT INTO `good_standard` (`good_id`, `value`, `price`, `store`) VALUES (8,'123',123.00,80),(16,'白香菇',56.00,2000),(21,'红色',100.00,100),(21,'黄色',199.00,700),(18,'500g【1袋】',18.00,988),(18,'500g【2袋】',40.00,200),(3,'桌子',90.00,598),(3,'椅子',50.00,500),(3,'桌子+椅子',150.00,500),(9,'标准版',50.00,598),(20,'1000ML专用粮',19.00,999),(20,'1200ML五谷粮',39.00,100),(20,'1200ML海鲜粮',59.00,200),(19,'常规',22.00,1000),(22,'双拍',199.00,96),(22,'单拍',99.00,90),(17,'龙井500g',260.00,1000),(10,'黑色',60.00,500),(6,'英文版',99.00,499),(11,'运动版',99.00,998),(7,'43码',115.00,149),(5,'白色',145.00,298),(2,'S 小码',129.00,498),(2,'M 中码',129.00,496),(2,'L 大码',129.00,496),(12,'马丁靴',150.00,1000),(14,'畅享手机',2000.00,996),(4,'单瓶',2600.00,500),(13,'轻薄笔记本',5600.00,989),(15,'高配版',6000.00,952);
/*!40000 ALTER TABLE `good_standard` ENABLE KEYS */;
UNLOCK TABLES;

--
-- Dumping data for table `icon`
--

LOCK TABLES `icon` WRITE;
/*!40000 ALTER TABLE `icon` DISABLE KEYS */;
INSERT INTO `icon` (`id`, `value`, `name`) VALUES (1,'&#xe600;','服装'),(15,'&#xe617;','鞋类'),(16,'&#xe709;','办公书籍'),(17,'&#xe601;','电子产品'),(18,'&#xe618;','食材'),(19,'&#xe602;','饮品'),(21,'&#xe606;','宠物'),(22,'&#xe9f0;','运动用品');
/*!40000 ALTER TABLE `icon` ENABLE KEYS */;
UNLOCK TABLES;

--
-- Dumping data for table `icon_category`
--

LOCK TABLES `icon_category` WRITE;
/*!40000 ALTER TABLE `icon_category` DISABLE KEYS */;
INSERT INTO `icon_category` (`category_id`, `icon_id`) VALUES (1,1),(2,1),(10,15),(11,15),(12,15),(13,16),(14,16),(15,17),(16,17),(17,17),(18,18),(19,19),(20,19),(21,19),(22,21),(23,21),(25,22),(26,1),(27,16),(28,18),(29,18);
/*!40000 ALTER TABLE `icon_category` ENABLE KEYS */;
UNLOCK TABLES;

--
-- Dumping data for table `order_comment`
--

LOCK TABLES `order_comment` WRITE;
/*!40000 ALTER TABLE `order_comment` DISABLE KEYS */;
INSERT INTO `order_comment` (`id`, `order_id`, `order_no`, `order_item_id`, `user_id`, `username`, `good_id`, `score`, `content`, `create_time`) VALUES (1,26,'20251118121419769672',NULL,7,'刘大大',5,4,'商品很好很不错！！！！！！！！！！','2025-11-18 17:39:32'),(2,28,'20251118174658584478',NULL,7,'刘大大',18,5,'很好吃！！！！','2025-11-19 10:14:39');
/*!40000 ALTER TABLE `order_comment` ENABLE KEYS */;
UNLOCK TABLES;

--
-- Dumping data for table `order_goods`
--

LOCK TABLES `order_goods` WRITE;
/*!40000 ALTER TABLE `order_goods` DISABLE KEYS */;
INSERT INTO `order_goods` (`id`, `order_id`, `good_id`, `count`, `standard`) VALUES (9,9,2,3,'M 中码'),(10,10,2,3,'L 大码'),(11,11,2,1,'S 小码'),(12,12,8,1,'123'),(13,13,8,12,'123'),(14,14,8,1,'123'),(15,15,8,1,'123'),(16,16,8,15,'123'),(17,17,8,1,'123'),(18,18,8,1,'123'),(19,19,8,11,'123'),(20,20,2,1,'M 中码'),(21,21,2,1,'L 大码'),(22,22,7,1,'43码'),(23,23,2,1,'S 小码'),(24,24,5,1,'白色'),(25,25,4,1,'三瓶送礼套装'),(26,26,5,1,'白色'),(27,27,3,1,'桌子'),(28,28,18,1,'500g【1袋】'),(29,29,11,1,'运动版'),(30,30,20,1,'1000ML专用粮'),(31,31,6,1,'英文版'),(32,32,13,1,'轻薄笔记本'),(33,33,9,1,'标准版'),(34,34,9,1,'标准版'),(35,35,18,1,'500g【1袋】'),(36,36,11,1,'运动版'),(37,37,3,1,'桌子'),(38,38,18,1,'500g【1袋】'),(39,39,18,1,'500g【1袋】'),(40,40,15,1,'高配版'),(41,41,15,1,'高配版'),(42,42,14,1,'畅享手机'),(43,43,15,1,'高配版'),(44,44,14,1,'畅享手机'),(45,45,14,1,'畅享手机'),(46,46,14,1,'畅享手机'),(47,47,18,1,'500g【1袋】'),(48,48,18,1,'500g【1袋】'),(49,49,22,1,'双拍'),(50,50,18,1,'500g【1袋】'),(51,51,15,1,'高配版'),(52,52,15,1,'高配版'),(53,53,15,1,'高配版'),(54,54,15,1,'高配版'),(55,55,15,1,'高配版'),(56,56,15,1,'高配版'),(57,57,15,1,'高配版'),(58,58,15,1,'高配版'),(59,59,15,1,'高配版'),(60,60,15,1,'高配版'),(61,61,15,1,'高配版'),(62,62,15,1,'高配版'),(63,63,15,1,'高配版'),(64,64,15,1,'高配版'),(65,65,15,1,'高配版'),(66,66,15,1,'高配版'),(67,67,15,1,'高配版'),(68,68,15,1,'高配版'),(69,69,15,1,'高配版'),(70,70,15,1,'高配版');
/*!40000 ALTER TABLE `order_goods` ENABLE KEYS */;
UNLOCK TABLES;

--
-- Dumping data for table `standard`
--

LOCK TABLES `standard` WRITE;
/*!40000 ALTER TABLE `standard` DISABLE KEYS */;
/*!40000 ALTER TABLE `standard` ENABLE KEYS */;
UNLOCK TABLES;

--
-- Dumping data for table `sys_file`
--

LOCK TABLES `sys_file` WRITE;
/*!40000 ALTER TABLE `sys_file` DISABLE KEYS */;
INSERT INTO `sys_file` (`id`, `name`, `type`, `size`, `url`, `is_delete`, `enable`, `md5`) VALUES (7,'07.jpg','jpg',1814,'/file/7dfd10628edc4b4e97de19c1cb86585e.jpg',0,0,'04271616ebc6914643c3af592dd58bef'),(8,'9a49edb823cc4cb799cb3438a7419a83.jpg','jpg',132,'/file/2b6249b9ba24491a9048c1e8c0b5256e.jpg',0,0,'f11ed5acc29b90770a453eceb7524712'),(9,'9a49edb823cc4cb799cb3438a7419a83.jpg','jpg',132,'/file/2b6249b9ba24491a9048c1e8c0b5256e.jpg',0,0,'f11ed5acc29b90770a453eceb7524712'),(10,'9a49edb823cc4cb799cb3438a7419a83.jpg','jpg',132,'/file/2b6249b9ba24491a9048c1e8c0b5256e.jpg',0,0,'f11ed5acc29b90770a453eceb7524712'),(11,'9a49edb823cc4cb799cb3438a7419a83.jpg','jpg',132,'/file/2b6249b9ba24491a9048c1e8c0b5256e.jpg',0,0,'f11ed5acc29b90770a453eceb7524712'),(12,'5a776cc21c1b407bbd2595a7af726a61.jpg','jpg',846,'/file/0e8132c00dc6484faa18b2d1487b34ec.jpg',0,0,'8f0a34a66bbc1a794b7c138897a66dad'),(13,'5a776cc21c1b407bbd2595a7af726a61.jpg','jpg',846,'/file/0e8132c00dc6484faa18b2d1487b34ec.jpg',0,0,'8f0a34a66bbc1a794b7c138897a66dad'),(14,'5a776cc21c1b407bbd2595a7af726a61.jpg','jpg',846,'/file/0e8132c00dc6484faa18b2d1487b34ec.jpg',0,0,'8f0a34a66bbc1a794b7c138897a66dad'),(15,'5a776cc21c1b407bbd2595a7af726a61.jpg','jpg',846,'/file/0e8132c00dc6484faa18b2d1487b34ec.jpg',0,0,'8f0a34a66bbc1a794b7c138897a66dad'),(16,'5a776cc21c1b407bbd2595a7af726a61.jpg','jpg',846,'/file/0e8132c00dc6484faa18b2d1487b34ec.jpg',0,0,'8f0a34a66bbc1a794b7c138897a66dad'),(17,'5a776cc21c1b407bbd2595a7af726a61.jpg','jpg',846,'/file/0e8132c00dc6484faa18b2d1487b34ec.jpg',0,0,'8f0a34a66bbc1a794b7c138897a66dad'),(18,'02.jpg','jpg',33,'/file/84ad8a9829424254811ce2220edc2d3b.jpg',0,0,'fcf09e93c497c75cf2b3656f80f997cc'),(19,'01.jpg','jpg',26,'/file/cef757d124ec4b169cffd65de5e3c47c.jpg',0,0,'d5b6bb3b068c1980d77c59079248a4a4'),(20,'03.jpg','jpg',22,'/file/7791be8ea1ee4aa0a149ae8e75c857d6.jpg',0,0,'75e8b3e8790e514fb799857f636a1623'),(21,'04.jpg','jpg',25,'/file/867aaf026b684b1e8b1a10c87e31df7e.jpg',0,0,'1d7397d5a4ce0995f711a1484d593f44'),(22,'05.jpg','jpg',19,'/file/f9f26a01e13d4ba68d7f7bd12df282e0.jpg',0,0,'b2d243af2652abf08a491074c8f099ea'),(23,'06.jpg','jpg',11,'/file/286aa7816325455b8cdcd522aca833fe.jpg',0,0,'c160a645c3dacb58ffb123a4239dcb50'),(24,'037c5b1f3e40406893b423563c557a91.jpg','jpg',1641,'/file/09bb6edab07a4c68a44cce41a3300d97.jpg',0,0,'067143803d2f87dcb939de5d4ace2bbb'),(25,'01.jpg','jpg',329,'/file/15cb9fc604984dfa97e0e968eb1d196d.jpg',0,0,'8c78b307ff66fbc7db624da25138f480'),(26,'02.jpg','jpg',738,'/file/e2cf8486c2384b8296972a550bf7e934.jpg',0,0,'7db1f7335529ad2a68367d29d0441695'),(27,'04.jpg','jpg',158,'/file/0afa4eb1c51943808f6e83cd9ced25e8.jpg',0,0,'0bfaaafc7ca1a9a5478baa8c9cae492c'),(28,'05 (1).jpg','jpg',773,'/file/8dc5354c7332454796c614bb4a0572fb.jpg',0,0,'925882b34e70434888ee7ca373bae52c'),(29,'03 (2).jpg','jpg',208,'/file/b4ac53ed62c74c298366619399c39f99.jpg',0,0,'1468738643a2f6dbd5fad1f7c80cdb00'),(30,'06.jpg','jpg',3494,'/file/be9d2d6a17c5436fb0b8c2f7927484b2.jpg',0,0,'d9950e2a7400a3d26ebde81c47e92e04'),(31,'02.png','png',5898,'/file/74488020672944968462e9e4a9c89096.png',0,0,'ad801047fc9918bd626656d08d696898'),(32,'02.png','png',71,'/file/2e2a1df657324a3293642344327310cb.png',0,0,'2c3a088b474cb2144645411f2e3da9c6'),(33,'03.jpg','jpg',31,'/file/449ab0163ba648c08cb4a76b40a9dcec.jpg',0,0,'fa95b8365bc4ec2096f4dc3f31dc8e27'),(34,'175149928534345288478326.jpg','jpg',364,'/file/d8d2b6b7983e4b21a1d0500cf2e3ca69.jpg',0,0,'62254c6fa33ea3c6a1aa7df206bd8a3c'),(35,'R-C (3).jpg','jpg',237,'/file/f7bcbdb03c48466084b1826c17a72093.jpg',0,0,'c9c14279b82f85bef3c49fdd58b20754'),(36,'1.png','png',1744,'/file/eed19fae3e454ddb8e18e8ec23bea8ee.png',0,0,'1c02881d82ff6b726ec432e4741fb42f'),(37,'R-C.jpg','jpg',651,'/file/f997b5325bac49e182d72825a9100adb.jpg',0,0,'e82b4a965cf06382b3aee9720144b588'),(38,'cef4N1hMSbjA.jpg','jpg',1571,'/file/b281286ece424c79a9a0a19cbb97a159.jpg',0,0,'dc4b11a10f449ffcad08e2a261b424b8'),(39,'6865.jpg_wh860.jpg','jpg',142,'/file/32ee6a8e1efb49c381900521f26e5d99.jpg',0,0,'c5cb664bddf26b3c1399983aab51a4ea'),(40,'3.jpg','jpg',1885,'/file/9080f502c7f6452dbb627f46accaa1e9.jpg',0,0,'ab0b81a82b68bd89a125ef8f5de30138'),(41,'5.jpg','jpg',193,'/file/57a7c37eb5b74f808834b0dc9a3961ac.jpg',0,0,'877ee7d5bcb30974743528d792c580fb'),(42,'6.jpg','jpg',817,'/file/0ccaa724375649f4bd7a7ffeda035b79.jpg',0,0,'9ee0d47daf174ee09e67b3869a6ee67b'),(43,'9.jpg','jpg',175,'/file/bba42e2c036f412b875db915d08c470d.jpg',0,0,'7631cc357e979e37de3fded6a7c78db9'),(44,'61aa2f22-6d7b-4800-b8bc-fe7bc6862655.png','png',343,'/file/6db4ef975a7f4a2a9a0f7e487f1a1dc6.png',0,0,'c52a133477c47665d4b89739609ea002'),(45,'fb932e57-b74f-4e11-879c-9a3900de2668.png','png',57,'/file/e0e6d55596744ef78b12bb55724bbc30.png',0,0,'42f8e5adc44d640b39738c586fa7baba'),(46,'1.png','png',689,'/file/275c9dd80e41443081b62c0f8bc8a024.png',0,0,'140b3a087aedd27d4c11de859418c2a4'),(47,'2.png','png',496,'/file/51c352a567a44726ad0c88d7fc3e29a3.png',0,0,'78a98fa40d2604a2b1ab5c9945787f51'),(48,'5.png','png',210,'/file/c6492b70ceb34841a79ceb69d45d3ac2.png',0,0,'47e4161d7e93aa270c9d62986fa1c672'),(49,'4.png','png',346,'/file/7bea6e96c24448579246f95783252cf4.png',0,0,'f833745e80d6bdcd2c61f71cbd5be59d'),(50,'3.png','png',756,'/file/a44e262a4cc943009ea30efdcb1917c0.png',0,0,'c9655dbcc449b52dee638abe997356d5'),(51,'6ea2963c-39e0-4bd0-b9bc-65f560bbd363.png','png',385,'/file/f176d5b109514e43bcf14794e6bc9576.png',0,0,'c7d19f2193dd3faf4f9ededdbcee3f53'),(52,'293f2cbf-91d5-4370-b34a-4b04b57905c5.png','png',371,'/file/19a1e8ea4faf496492959933a9c13e25.png',0,0,'9b0931f54fa4b593f88909b527cba23c'),(53,'6bd387d2-151c-46e6-b96e-39621c2c8277.png','png',550,'/file/0b29530aa67f4b1296994aa08f447330.png',0,0,'e12638a6654c11aff557ede30eaafb73'),(54,'236a02bf-ec55-4c59-9e06-f7b32ce4702d.png','png',159,'/file/8c3893ea16c146d3a2411be98e565bf9.png',0,0,'9e94236faa810ed548a251ba85309965'),(55,'69c41c3b-5251-42b9-9d17-4da003ccbb38.png','png',455,'/file/a3d7cea23c954861899327c81134826c.png',0,0,'8abeb6864128a7df52245001b23faf4f'),(56,'bbd0e400-2648-4ece-b14a-d80716de8fdb.png','png',532,'/file/b329215c4fb54aeda8937b23b5646ab8.png',0,0,'f4c46aa2c2732bfc2ea79c1309f1e0fb'),(57,'fc5e9334-3fad-472c-9290-e38690c2ae68.png','png',524,'/file/25aaadd1bf384c329534515f4366d40b.png',0,0,'53b1b952cac2de22fb533fe8acc95484'),(58,'197d4900-5bff-44ef-9d2c-e07b1a3ae022.png','png',370,'/file/7bf7b837d0f94718bfca4d4bfe1dac74.png',0,0,'d0e16f51fbc607b25e506c35b96ed0ad'),(59,'2a286378-9bd2-4c94-b762-0f4eed0e381b.png','png',483,'/file/c6301c3c8c2b4c7c9d40e1d3062a2dde.png',0,0,'1fa61846356e3374028a30e856fb47bf'),(60,'5ff545ba-426e-4add-88cb-c072df6c399b.png','png',495,'/file/ecf65e3b248a424a94bf947080fa7550.png',0,0,'570ca876b48d37a1dfc40038fe3e31c1'),(61,'5ff545ba-426e-4add-88cb-c072df6c399b.png','png',495,'/file/ecf65e3b248a424a94bf947080fa7550.png',0,0,'570ca876b48d37a1dfc40038fe3e31c1'),(62,'d8b1aff0-3072-47a1-b566-561b7f93160f.png','png',691,'/file/ad67107c09f047bd911414a8a8d40ade.png',0,0,'5439e22e3c8ad5805340851dd5f4a0e2'),(63,'dd357d7b-b9e5-4c1c-8c98-33eac6f82dca.png','png',163,'/file/b4213efc7ecb429888f75c49fba0b7b9.png',0,0,'06ee3ad4ed970e5389ab4068e171166c'),(64,'a39d6a84-6e37-4731-8f07-a7336a6cb503.png','png',139,'/file/9657d3bd66b24726bb67bddd6e251b6b.png',0,0,'f4d16b702bd04589613ef304d6c6212b'),(65,'O1CN01v6OqTJ1dhL1do4oFR_!!2206645713767.jpg','jpg',300,'/file/7920393fbe5a42c984c810b19ab488ff.jpg',0,0,'7d2f63cd3b18356cd58a576c78934af3'),(66,'830f762b-9ae1-4d97-9f96-56633b290ca2.png','png',507,'/file/8bcd3e5fe4de487f981effa75057cb39.png',0,0,'70b476aecda886ea8473677ff568de2f'),(67,'df669d8e-23a3-456a-b354-9b9db37d7937.png','png',410,'/file/5e36c6057feb48d294698ca5a4b89429.png',0,0,'56c9455a1368a8c1c6bc7979495419dd'),(68,'aa1a3058-8d81-4455-9a84-1f7c437eb77a.png','png',239,'/file/d57d259033f84d7e90b38b58f479f704.png',0,0,'f6d11d4d5a8835713746104ae2115bbf'),(69,'fceca155-04f8-43ad-82ce-d91527e48eaf.png','png',281,'/file/4cbe0a57239e4bf88547c28cb5761e6f.png',0,0,'8f53c07383eacb4bfcafa8382c88fba9'),(70,'fceca155-04f8-43ad-82ce-d91527e48eaf.png','png',281,'/file/4cbe0a57239e4bf88547c28cb5761e6f.png',0,0,'8f53c07383eacb4bfcafa8382c88fba9'),(71,'864113ab-16b0-4d64-8d32-ca02436417ac.png','png',198,'/file/a0e8302400c849d0af9334d61d596eb0.png',0,0,'fd8ee25daece8ae996d5fedeb95457a5'),(72,'f50e1d52-96e4-45ef-9c5c-5d4559332525.png','png',206,'/file/f546f536a6df45b8a087f2bab4806517.png',0,0,'bac432dbef2290703146e1add1914a59'),(73,'c5c01695-9049-461f-8665-7d0e59358b5c.png','png',315,'/file/9b60dca84cd64f439bcc97c01bbd4dde.png',0,0,'0f546bc75d0d707f8f71d2a236217c8d'),(74,'adf1b5ae-b4f5-4ee8-ad3c-949c9e87975f.png','png',342,'/file/f10396a3c7be4c819028f3488bc7f0f0.png',0,0,'cd369b101b2460fc821b80731a530fa2'),(75,'6fbe18f6-d627-442e-895f-7c042bf3acd3.png','png',235,'/file/46bd69d5f81b4b44bdbf50bbe6601be0.png',0,0,'05ae51242d6ef9f9290814d3986a4d39'),(76,'e0d795b6-20cd-4ea1-81f0-baa15cb72bee.png','png',310,'/file/b71633bb52aa48b39ad774e52ffe2c09.png',0,0,'0a31fc5a3f03223c473f0f1901d6198c');
/*!40000 ALTER TABLE `sys_file` ENABLE KEYS */;
UNLOCK TABLES;

--
-- Dumping data for table `sys_user`
--

LOCK TABLES `sys_user` WRITE;
/*!40000 ALTER TABLE `sys_user` DISABLE KEYS */;
INSERT INTO `sys_user` (`id`, `username`, `password`, `nickname`, `email`, `phone`, `address`, `avatar_url`, `role`) VALUES (1,'admin','e10adc3949ba59abbe56e057f20f883e','管理员','123@qq.com','13333333333','北京市xxx测试地址','/avatar/8b4ae75d93084794b6be6c4d703186a5.png','admin'),(2,'user','e10adc3949ba59abbe56e057f20f883e','张三','55666@123.com','13000000001','测试地址','/avatar/574618d24d3f4523b99ce2c2c2f02857.png','user'),(3,'admin2','e10adc3949ba59abbe56e057f20f883e','管理员副','234324@qq.com','15000000001','广东省广州市xxx',NULL,'admin'),(7,'user1','e10adc3949ba59abbe56e057f20f883e','刘大大','234333@133.com','15000000002','测试地址','/avatar/5f668e2ae9d2477996e19db54200950c.png','user'),(8,'user2','e10adc3949ba59abbe56e057f20f883e','新用户',NULL,NULL,NULL,NULL,'user'),(9,'user3','e10adc3949ba59abbe56e057f20f883e','新用户','23432@111.com','15000000033',NULL,'/avatar/574618d24d3f4523b99ce2c2c2f02857.png','user'),(10,'2295617100','e10adc3949ba59abbe56e057f20f883e','Susan','2294573199@qq.com','19375418872','11111',NULL,'user');
/*!40000 ALTER TABLE `sys_user` ENABLE KEYS */;
UNLOCK TABLES;

--
-- Dumping data for table `t_order`
--

LOCK TABLES `t_order` WRITE;
/*!40000 ALTER TABLE `t_order` DISABLE KEYS */;
INSERT INTO `t_order` (`id`, `order_no`, `total_price`, `user_id`, `link_user`, `link_phone`, `link_address`, `state`, `create_time`) VALUES (9,'20230331223822860904',367.65,2,'张三','15888888888','新疆','已收货','2023-03-31 22:38:22'),(24,'20230805014642654151',116.00,2,'张三','15888888888','北京市','已支付','2023-08-05 01:46:42'),(25,'20240716114928567680',4880.00,2,'张三','15888888888','北京市','已发货','2024-07-16 11:49:28'),(26,'20251118121419769672',116.00,7,'张三','15000000001','测试地址3333','已收货','2025-11-18 12:14:19'),(27,'20251118123016571162',88.20,7,'张三','15000000001','测试地址3333','已支付','2025-11-18 12:30:16'),(28,'20251118174658584478',14.40,7,'张三','15000000001','测试地址3333','已收货','2025-11-18 17:46:58'),(29,'20251119095647422484',99.00,1,'张三','13333333333','北京市','已支付','2025-11-19 09:56:47'),(30,'20251119100920007607',15.20,1,'张三','13333333333','广东省广州市天河区xxx地址','已收货','2025-11-19 10:09:20'),(31,'20251119110223772393',99.00,7,'张三','15000000001','测试地址3333','已支付','2025-11-19 11:02:23'),(32,'20251119110250166569',4480.00,7,'张三','15000000001','测试地址3333','已支付','2025-11-19 11:02:50'),(33,'20260415183229804753',50.00,1,'张三','13333333333','广东省广州市天河区xxx地址','已支付','2026-04-15 18:32:29'),(34,'20260415183324286207',50.00,1,'张三','13333333333','广东省广州市天河区xxx地址','已支付','2026-04-15 18:33:24'),(35,'20260416210340156491',14.40,1,'张三','13333333333','广东省广州市天河区xxx地址','已支付','2026-04-16 21:03:40'),(36,'20260416210532182158',99.00,1,'张三','13333333333','广东省广州市天河区xxx地址','已支付','2026-04-16 21:05:32'),(37,'20260417095702545725',88.20,1,'张三','13333333333','广东省广州市天河区xxx地址','已支付','2026-04-17 09:57:02'),(38,'20260420202017145777',14.40,7,'张三','15000000001','测试地址3333','已支付','2026-04-20 20:20:17'),(39,'20260420220315489331',14.40,7,'张三','15000000001','测试地址3333','已支付','2026-04-20 22:03:15'),(40,'20260421120726232723',4800.00,7,'张三','15000000001','测试地址3333','已支付','2026-04-21 12:07:26'),(41,'20260421121052454015',4800.00,7,'张三','15000000001','测试地址3333','已支付','2026-04-21 12:10:52'),(42,'20260421144219380574',2000.00,7,'张三','15000000001','测试地址3333','已支付','2026-04-21 14:42:19'),(43,'20260421145230320004',4800.00,7,'张三','15000000001','测试地址3333','已支付','2026-04-21 14:52:30'),(44,'20260421152014339007',2000.00,7,'张三','15000000001','测试地址3333','已支付','2026-04-21 15:20:14'),(45,'20260421152027396401',2000.00,7,'张三','15000000001','测试地址3333','已支付','2026-04-21 15:20:27'),(46,'20260421160620551973',2000.00,7,'张三','15000000001','测试地址3333','已支付','2026-04-21 16:06:20'),(47,'20260421161111233941',14.40,7,'张三','15000000001','测试地址3333','已支付','2026-04-21 16:11:11'),(48,'20260421163432287395',14.40,7,'张三','15000000001','测试地址3333','已支付','2026-04-21 16:34:32'),(49,'20260421170203825156',189.05,7,'张三','15000000001','测试地址3333','已支付','2026-04-21 17:02:03'),(50,'20260421181714752040',14.40,7,'张三','15000000001','测试地址3333','已支付','2026-04-21 18:17:14'),(51,'20260422151811133763',4800.00,7,'张三','15000000001','测试地址3333','已支付','2026-04-22 15:18:11'),(52,'20260422152335494969',4800.00,7,'张三','15000000001','测试地址3333','已支付','2026-04-22 15:23:35'),(53,'20260422153618648232',4800.00,7,'张三','15000000001','测试地址3333','已支付','2026-04-22 15:36:18'),(54,'20260422154237813716',4800.00,7,'张三','15000000001','测试地址3333','已支付','2026-04-22 15:42:37'),(55,'20260423194830312933',4800.00,7,'张三','15000000001','测试地址3333','已支付','2026-04-23 19:48:30'),(56,'20260424113556765421',4800.00,7,'张三','15000000001','测试地址3333','已支付','2026-04-24 11:35:56'),(57,'20260424113602748407',4800.00,7,'张三','15000000001','测试地址3333','已支付','2026-04-24 11:36:02'),(58,'20260424113622357753',4800.00,7,'张三','15000000001','测试地址3333','已支付','2026-04-24 11:36:22'),(59,'20260424132327933568',4800.00,7,'张三','15000000001','测试地址3333','已支付','2026-04-24 13:23:27'),(60,'20260424172258451127',4800.00,7,'张三','15000000001','测试地址3333','已支付','2026-04-24 17:22:58'),(61,'20260424175101699158',4800.00,7,'张三','15000000001','测试地址3333','已支付','2026-04-24 17:51:01'),(62,'20260425111556340924',4800.00,7,'张三','15000000001','测试地址3333','已支付','2026-04-25 11:15:56'),(63,'20260511145148235550',4800.00,7,'张三','15000000001','测试地址3333','已支付','2026-05-11 14:51:48'),(64,'20260511145208755835',4800.00,7,'张三','15000000001','测试地址3333','已支付','2026-05-11 14:52:08'),(65,'20260511145657928416',4800.00,7,'张三','15000000001','测试地址3333','已支付','2026-05-11 14:56:57'),(66,'20260511150322329072',4800.00,7,'张三','15000000001','测试地址3333','已支付','2026-05-11 15:03:22'),(67,'20260511155246035113',4800.00,7,'张三','15000000001','测试地址3333','已支付','2026-05-11 15:52:46'),(68,'20260511163030187137',4800.00,7,'张三','15000000001','测试地址3333','已支付','2026-05-11 16:30:30'),(69,'20260518215812231414',4800.00,7,'张三','15000000001','测试地址3333','已支付','2026-05-18 21:58:12'),(70,'20260519094846920465',4800.00,7,'张三','15000000001','测试地址3333','已支付','2026-05-19 09:48:46');
/*!40000 ALTER TABLE `t_order` ENABLE KEYS */;
UNLOCK TABLES;

--
-- Dumping data for table `warranties`
--

LOCK TABLES `warranties` WRITE;
/*!40000 ALTER TABLE `warranties` DISABLE KEYS */;
/*!40000 ALTER TABLE `warranties` ENABLE KEYS */;
UNLOCK TABLES;
/*!40103 SET TIME_ZONE=@OLD_TIME_ZONE */;

/*!40101 SET SQL_MODE=@OLD_SQL_MODE */;
/*!40014 SET FOREIGN_KEY_CHECKS=@OLD_FOREIGN_KEY_CHECKS */;
/*!40014 SET UNIQUE_CHECKS=@OLD_UNIQUE_CHECKS */;
/*!40101 SET CHARACTER_SET_CLIENT=@OLD_CHARACTER_SET_CLIENT */;
/*!40101 SET CHARACTER_SET_RESULTS=@OLD_CHARACTER_SET_RESULTS */;
/*!40101 SET COLLATION_CONNECTION=@OLD_COLLATION_CONNECTION */;
/*!40111 SET SQL_NOTES=@OLD_SQL_NOTES */;

-- Dump completed on 2026-05-20 13:20:55
